﻿Designator,Footprint,Quantity,Value,LCSC Part #
BT1,SolderWire-0.5sqmm_1x02_P4.6mm_D0.9mm_OD2.1mm,1,Battery_Cell,
"C1, C10, C11, C12, C13, C7, C8, C9",1206,8,1uF,
"C2, C3, C4, C5, C6",0805,5,22uF,
"I2C1, I2C7",JST_XH_B4B-XH-A_1x04_P2.50mm_Vertical,2,Conn_01x04,
J1,PinSocket_1x04_P2.54mm_Vertical,1,TPS61023 Header,
J10,PinSocket_1x06_P2.54mm_Vertical,1,Conn_01x06,
J11,PinSocket_1x04_P2.54mm_Vertical,1,Conn_01x04_Socket,
"J12, J13",PinSocket_1x06_P2.54mm_Vertical,2,Conn_01x06_Socket,
J14,PinSocket_1x03_P2.54mm_Vertical,1,Conn_01x03_Socket,
J2,SolderWire-0.1sqmm_1x02_P3.6mm_D0.4mm_OD1mm,1,MT3608 IN,
J3,SolderWire-0.1sqmm_1x02_P3.6mm_D0.4mm_OD1mm,1,MT3608 OUT,
J4,PinSocket_1x04_P2.54mm_Vertical,1,LM3671 Header,
"J5, J9",SolderWire-0.5sqmm_1x03_P4.6mm_D0.9mm_OD2.1mm,2,Barrel_Jack_Switch,
J6,SolderWire-0.1sqmm_1x02_P3.6mm_D0.4mm_OD1mm,1,LS2596 IN,
J7,SolderWire-0.1sqmm_1x02_P3.6mm_D0.4mm_OD1mm,1,LS2596 OUT,
J8,PC104 Headers,1,PC/104,
L1,74438356010,1,1uH,
L2,NRH2412T2R2MNGH,1,2.2uH,
Q1,TO-92_Inline,1,2N3905,
"R1, R2",1206,2,10k,
"R3, R4, R6",0603,3,100k,
R5,0603,1,732k,
SPI1,JST_XH_B6B-XH-A_1x06_P2.50mm_Vertical,1,Conn_01x06,
TP1,TestPoint_Loop_D1.80mm_Drill1.0mm_Beaded,1,SDA,
"TP10, TP11, TP12, TP13, TP14, TP15, TP19, TP20, TP21, TP22, TP5, TP6, TP7, TP8, TP9",TestPoint_THTPad_1.0x1.0mm_Drill0.5mm,15,TestPoint_Small,
TP16,TestPoint_Loop_D1.80mm_Drill1.0mm_Beaded,1,3v3,
TP17,TestPoint_Loop_D1.80mm_Drill1.0mm_Beaded,1,5v,
TP18,TestPoint_Loop_D1.80mm_Drill1.0mm_Beaded,1,GND,
TP2,TestPoint_Loop_D1.80mm_Drill1.0mm_Beaded,1,SCL,
TP3,TestPoint_Loop_D1.80mm_Drill1.0mm_Beaded,1,TX,
TP4,TestPoint_Loop_D1.80mm_Drill1.0mm_Beaded,1,RX,
U1,RPi_Pico_SMD_TH,1,Pico,
U2,TSSOP-16_4.4x5mm_P0.65mm,1,INA260,
U3,SOP-8_3.9x4.9mm_P1.27mm,1,MX25L25673GM2I-08G,
U4,DIP-8_W7.62mm,1,ATtiny85-20P,
U5,SOT-563,1,TPS61023,
U6,SOT-23-5_HandSoldering,1,LM3671MF-3.3/NOPB,
