Time,Timestamp,Event,Count Rate: cps,Dose rate: Sv/h,Dose Rate Error: %,Dose Rate Alarm,Dose Alarm,Duration of dose accumulation: sec.,Dose: Sv,Temperature,Latitude,Longitude,Comment
2024-11-22 22:16:20.956,133767873809560000,Device power on,,,,0,0,,,,,,
2024-11-22 22:16:22.956,133767873829560000,,,,,0,0,23960,6.7E-7,28.6,,,
2024-11-22 22:17:22.956,133767874429560000,,,,,0,0,24020,6.8E-7,28.7,,,
2024-11-22 22:17:23.476,133767874434760000,Device power off,,,,0,0,,,,,,
2024-11-22 22:17:23.546,133767874435460000,,,,,0,0,24021,6.8E-7,28.7,,,
2024-11-22 22:38:44.946,133767887249460000,Device power on,,,,0,0,,,,,,
2024-11-22 22:38:46.946,133767887269460000,,,,,0,0,24022,6.8E-7,28.7,,,
2024-11-22 22:38:55.976,133767887359760000,Device power off,,,,0,0,,,,,,
2024-11-22 22:38:56.036,133767887360360000,,,,,0,0,24031,6.8E-7,28.7,,,
2024-11-23 08:39:41.826,133768247818260000,,8.822917,1.18220015E-7,28.3,0,0,,,,,,
2024-11-23 08:39:42.216,133768247822160000,Device power on,,,,0,0,,,,,,
2024-11-23 08:39:44.216,133768247842160000,,,,,0,0,24033,6.8E-7,19.1,,,
2024-11-23 08:40:29.826,133768248298260000,,8.239583,7.718913E-8,28.3,0,0,,,,,,
2024-11-23 08:42:05.826,133768249258260000,,7.5208335,9.8271684E-8,27.4,0,0,,,,,,
2024-11-23 08:43:41.826,133768250218260000,,7.7916665,9.596761E-8,28.1,0,0,,,,,,
2024-11-23 08:45:17.826,133768251178260000,,8.020833,9.46401E-8,26.1,0,0,,,,,,
2024-11-23 08:46:53.826,133768252138260000,,8.15625,1.0388184E-7,24.8,0,0,,,,,,
2024-11-23 08:48:29.826,133768253098260000,,8.46875,1.0915629E-7,24.4,0,0,,,,,,
2024-11-23 08:50:05.826,133768254058260000,,8.270833,9.7452805E-8,27.1,0,0,,,,,,
2024-11-23 08:51:41.826,133768255018260000,,8.09375,7.2153725E-8,29.9,0,0,,,,,,
2024-11-23 08:52:44.216,133768255642160000,,,,,0,0,24813,7.0000004E-7,19.3,,,
2024-11-23 08:53:17.826,133768255978260000,,8.4375,1.1321004E-7,25.9,0,0,,,,,,
2024-11-23 08:53:44.216,133768256242160000,,,,,0,0,24873,7.0000004E-7,19.4,,,
2024-11-23 08:54:44.216,133768256842160000,,,,,0,0,24933,7.0000004E-7,19.6,,,
2024-11-23 08:54:53.826,133768256938260000,,8.604167,1.1579895E-7,25.9,0,0,,,,,,
2024-11-23 08:55:44.216,133768257442160000,,,,,0,0,24993,7.0000004E-7,19.9,,,
2024-11-23 08:56:29.826,133768257898260000,,8.125,8.595784E-8,23.1,0,0,,,,,,
2024-11-23 08:56:44.216,133768258042160000,,,,,0,0,25053,7.0000004E-7,20.2,,,
2024-11-23 08:57:44.216,133768258642160000,,,,,0,0,25113,7.1E-7,20.7,,,
2024-11-23 08:58:05.826,133768258858260000,,8.270833,9.389241E-8,30.4,0,0,,,,,,
2024-11-23 08:58:44.216,133768259242160000,,,,,0,0,25173,7.1E-7,21.3,,,
2024-11-23 08:59:41.826,133768259818260000,,7.71875,7.113139E-8,26.8,0,0,,,,,,
2024-11-23 08:59:44.216,133768259842160000,,,,,0,0,25233,7.1E-7,21.8,,,
2024-11-23 09:00:44.216,133768260442160000,,,,,0,0,25293,7.1E-7,22.3,,,
2024-11-23 09:01:17.826,133768260778260000,,8.739583,8.684285E-8,24.2,0,0,,,,,,
2024-11-23 09:01:44.216,133768261042160000,,,,,0,0,25353,7.1E-7,22.8,,,
2024-11-23 09:02:44.216,133768261642160000,,,,,0,0,25413,7.1E-7,23.4,,,
2024-11-23 09:02:45.826,133768261658260000,,8.475,1.15478514E-7,29.7,0,0,,,,,,
2024-11-23 09:03:21.826,133768262018260000,,8.4,9.6459964E-8,29.7,0,0,,,,,,
2024-11-23 09:03:29.826,133768262098260000,,4.0208335,5.4077148E-8,60.6,0,0,,,,,,
2024-11-23 09:03:44.216,133768262242160000,,,,,0,0,25473,7.2E-7,24.2,,,
2024-11-23 09:04:09.826,133768262498260000,,2.7916667,2.6265461E-8,60.6,0,0,,,,,,
2024-11-23 09:04:17.826,133768262578260000,,1.875,6.808472E-8,99.0,0,0,,,,,,
2024-11-23 09:04:21.826,133768262618260000,,1.875,7.019043E-8,99.0,0,0,,,,,,
2024-11-23 09:04:33.826,133768262738260000,,0.8072917,1.9508361E-8,46.4,0,0,,,,,,
2024-11-23 09:04:44.216,133768262842160000,,,,,0,0,25533,7.2E-7,24.4,,,
2024-11-23 09:06:05.826,133768263658260000,,0.7239583,3.3874514E-8,46.4,0,0,,,,,,
2024-11-23 09:06:44.216,133768264042160000,,,,,0,0,25653,7.2E-7,24.3,,,
2024-11-23 09:07:44.216,133768264642160000,,,,,0,0,25713,7.2E-7,24.1,,,
2024-11-23 09:08:29.826,133768265098260000,,0.7604167,2.7353922E-8,67.9,0,0,,,,,,
2024-11-23 09:08:44.216,133768265242160000,,,,,0,0,25773,7.2E-7,24.0,,,
2024-11-23 09:09:44.216,133768265842160000,,,,,0,0,25833,7.2E-7,23.7,,,
2024-11-23 09:10:05.826,133768266058260000,,1.2604166,6.591797E-8,47.0,0,0,,,,,,
2024-11-23 09:10:44.216,133768266442160000,,,,,0,0,25893,7.2E-7,23.3,,,
2024-11-23 09:11:41.826,133768267018260000,,1.6979166,1.12218224E-7,36.5,0,0,,,,,,
2024-11-23 09:11:44.216,133768267042160000,,,,,0,0,25953,7.2E-7,22.9,,,
2024-11-23 09:12:44.216,133768267642160000,,,,,0,0,26013,7.2E-7,22.3,,,
2024-11-23 09:13:17.826,133768267978260000,,1.9583334,7.120259E-8,44.5,0,0,,,,,,
2024-11-23 09:13:44.216,133768268242160000,,,,,0,0,26073,7.2E-7,21.7,,,
2024-11-23 09:14:44.216,133768268842160000,,,,,0,0,26133,7.2E-7,21.0,,,
2024-11-23 09:14:53.826,133768268938260000,,3.15625,1.4808654E-7,31.0,0,0,,,,,,
2024-11-23 09:15:44.216,133768269442160000,,,,,0,0,26193,7.3E-7,20.2,,,
2024-11-23 09:16:29.826,133768269898260000,,4.0833335,1.9026183E-7,28.1,0,0,,,,,,
2024-11-23 09:16:44.216,133768270042160000,,,,,0,0,26253,7.3E-7,19.3,,,
2024-11-23 09:17:44.216,133768270642160000,,,,,0,0,26313,7.3E-7,18.3,,,
2024-11-23 09:18:05.826,133768270858260000,,5.6145835,2.2003174E-7,25.3,0,0,,,,,,
2024-11-23 09:18:44.216,133768271242160000,,,,,0,0,26373,7.3E-7,17.1,,,
2024-11-23 09:19:41.826,133768271818260000,,7.5416665,3.711853E-7,20.1,0,0,,,,,,
2024-11-23 09:19:44.216,133768271842160000,,,,,0,0,26433,7.4E-7,15.8,,,
2024-11-23 09:20:44.216,133768272442160000,,,,,0,0,26493,7.4E-7,14.5,,,
2024-11-23 09:21:17.826,133768272778260000,,9.322917,3.9874266E-7,18.8,0,0,,,,,,
2024-11-23 09:21:44.216,133768273042160000,,,,,0,0,26553,7.4999997E-7,13.2,,,
2024-11-23 09:22:44.216,133768273642160000,,,,,0,0,26613,7.4999997E-7,11.8,,,
2024-11-23 09:22:48.826,133768273688260000,Dose rate alarm 1,,4.3883134E-7,15.0,1,0,,,,,,
2024-11-23 09:22:53.826,133768273738260000,,12.895833,6.0266115E-7,15.6,1,0,,,,,,
2024-11-23 09:23:44.216,133768274242160000,,,,,0,0,26673,7.6E-7,10.4,,,
2024-11-23 09:24:29.826,133768274698260000,,15.40625,7.9793296E-7,13.5,1,0,,,,,,
2024-11-23 09:24:44.216,133768274842160000,,,,,0,0,26733,7.7E-7,8.9,,,
2024-11-23 09:25:44.216,133768275442160000,,,,,0,0,26793,7.9E-7,7.4,,,
2024-11-23 09:26:05.826,133768275658260000,,18.625,8.3952835E-7,13.1,1,0,,,,,,
2024-11-23 09:26:29.326,133768275893260000,Count rate alarm 2,90.0,,,2,0,,,,,,
2024-11-23 09:26:29.326,133768275893260000,Dose rate alarm 2,,4.161133E-6,78.4,2,0,,,,,,
2024-11-23 09:26:44.216,133768276042160000,,,,,0,0,26853,7.9999995E-7,5.8,,,
2024-11-23 09:26:56.826,133768276168260000,Count rate alarm 1,20.072727,,,1,0,,,,,,
2024-11-23 09:27:13.826,133768276338260000,Count rate alarm 1,20.067415,,,1,0,,,,,,
2024-11-23 09:27:41.826,133768276618260000,,21.739584,9.565124E-7,12.2,1,0,,,,,,
2024-11-23 09:27:44.216,133768276642160000,,,,,0,0,26913,8.1999997E-7,4.2,,,
2024-11-23 09:28:44.216,133768277242160000,,,,,0,0,26973,8.3E-7,2.6,,,
2024-11-23 09:29:17.826,133768277578260000,,24.46875,1.0282695E-6,11.8,1,0,,,,,,
2024-11-23 09:29:44.216,133768277842160000,,,,,0,0,27033,8.5E-7,0.9,,,
2024-11-23 09:30:44.216,133768278442160000,,,,,0,0,27093,8.6E-7,-0.7,,,
2024-11-23 09:30:53.826,133768278538260000,,26.729166,1.1726023E-6,11.1,1,0,,,,,,
2024-11-23 09:31:37.326,133768278973260000,Dose rate alarm 2,,1.3047186E-6,15.0,2,0,,,,,,
2024-11-23 09:31:39.826,133768278998260000,Dose rate alarm 2,,1.3101417E-6,15.0,2,0,,,,,,
2024-11-23 09:31:42.826,133768279028260000,Dose rate alarm 2,,1.2983963E-6,15.0,2,0,,,,,,
2024-11-23 09:31:44.216,133768279042160000,,,,,0,0,27153,8.8E-7,-2.4,,,
2024-11-23 09:32:13.326,133768279333260000,Dose rate alarm 2,,1.3233052E-6,15.0,2,0,,,,,,
2024-11-23 09:32:29.826,133768279498260000,,29.03125,1.2782643E-6,10.6,2,0,,,,,,
2024-11-23 09:32:44.216,133768279642160000,,,,,0,0,27213,9.1000004E-7,-4.0,,,
2024-11-23 09:33:15.826,133768279958260000,Dose rate alarm 2,,1.3118595E-6,15.1,2,0,,,,,,
2024-11-23 09:33:21.826,133768280018260000,,35.625,1.8046875E-6,30.9,2,0,,,,,,
2024-11-23 09:33:27.826,133768280078260000,,26.8125,9.1052243E-7,31.0,1,0,,,,,,
2024-11-23 09:33:33.826,133768280138260000,,26.625,8.001709E-7,31.0,1,0,,,,,,
2024-11-23 09:33:44.216,133768280242160000,,,,,0,0,27273,9.3E-7,-5.5,,,
2024-11-23 09:33:45.826,133768280258260000,,30.322916,1.3095143E-6,7.2,2,0,,,,,,
2024-11-23 09:34:44.216,133768280842160000,,,,,0,0,27333,9.4E-7,-6.9,,,
2024-11-23 09:35:08.326,133768281083260000,Dose rate alarm 2,,1.3160259E-6,15.0,2,0,,,,,,
2024-11-23 09:35:17.826,133768281178260000,,31.682291,1.3582229E-6,7.2,2,0,,,,,,
2024-11-23 09:35:18.326,133768281183260000,Dose rate alarm 2,,1.3188844E-6,15.0,2,0,,,,,,
2024-11-23 09:35:21.326,133768281213260000,Dose rate alarm 2,,1.3077199E-6,15.0,2,0,,,,,,
2024-11-23 09:35:23.826,133768281238260000,Dose rate alarm 2,,1.3062667E-6,15.0,2,0,,,,,,
2024-11-23 09:35:44.216,133768281442160000,,,,,0,0,27393,9.7E-7,-8.4,,,
2024-11-23 09:36:44.216,133768282042160000,,,,,0,0,27453,9.9E-7,-9.8,,,
2024-11-23 09:36:57.326,133768282173260000,Dose rate alarm 2,,1.2989461E-6,15.0,2,0,,,,,,
2024-11-23 09:37:18.326,133768282383260000,Dose rate alarm 2,,1.2982869E-6,15.0,2,0,,,,,,
2024-11-23 09:37:24.326,133768282443260000,Dose rate alarm 2,,1.3036048E-6,15.0,2,0,,,,,,
2024-11-23 09:37:25.326,133768282453260000,Dose rate alarm 2,,1.3141633E-6,15.0,2,0,,,,,,
2024-11-23 09:37:41.826,133768282618260000,,32.302082,1.4445903E-6,10.0,2,0,,,,,,
2024-11-23 09:37:44.216,133768282642160000,,,,,0,0,27513,1.01E-6,-11.1,,,
2024-11-23 09:38:44.216,133768283242160000,,,,,0,0,27573,1.04E-6,-12.3,,,
2024-11-23 09:39:21.826,133768283618260000,Dose rate alarm 2,,1.3130461E-6,15.0,2,0,,,,,,
2024-11-23 09:39:27.326,133768283673260000,,31.008696,1.3653236E-6,9.4,2,0,,,,,,
2024-11-23 09:39:34.326,133768283743260000,Dose rate alarm 2,,1.3118489E-6,15.0,2,0,,,,,,
2024-11-23 09:39:44.216,133768283842160000,,,,,0,0,27633,1.06E-6,-13.4,,,
2024-11-23 09:39:45.326,133768283853260000,Dose rate alarm 2,,1.3097699E-6,15.1,2,0,,,,,,
2024-11-23 09:39:59.826,133768283998260000,Dose rate alarm 2,,1.4129162E-6,29.7,2,0,,,,,,
2024-11-23 09:40:03.826,133768284038260000,Dose rate alarm 2,,1.3845136E-6,25.8,2,0,,,,,,
2024-11-23 09:40:17.326,133768284173260000,Dose rate alarm 2,,2.9487305E-6,70.0,2,0,,,,,,
2024-11-23 09:40:44.216,133768284442160000,,,,,0,0,27693,1.09E-6,-14.3,,,
2024-11-23 09:41:04.826,133768284648260000,,32.4875,1.4641419E-6,10.9,2,0,,,,,,
2024-11-23 09:41:44.216,133768285042160000,,,,,0,0,27753,1.11E-6,-15.1,,,
2024-11-23 09:41:44.576,133768285045760000,,29.6875,1.3351989E-6,10.9,2,0,,,,,,
2024-11-23 09:41:45.076,133768285050760000,,20.0,3.2291666E-7,97.2,0,0,,,,,,
2024-11-23 09:41:46.326,133768285063260000,,21.666666,3.925781E-7,97.2,0,0,,,,,,
2024-11-23 09:41:48.576,133768285085760000,,32.76,1.3988672E-6,10.0,2,0,,,,,,
2024-11-23 09:42:00.326,133768285203260000,Dose rate alarm 2,,1.3406226E-6,16.2,2,0,,,,,,
2024-11-23 09:42:08.826,133768285288260000,Dose rate alarm 2,,1.34396E-6,15.0,2,0,,,,,,
2024-11-23 09:42:37.826,133768285578260000,,31.32,1.421748E-6,10.0,2,0,,,,,,
2024-11-23 09:42:44.216,133768285642160000,,,,,0,0,27813,1.13E-6,-15.7,,,
2024-11-23 09:42:57.326,133768285773260000,Count rate alarm 2,79.0,,,2,0,,,,,,
2024-11-23 09:43:41.826,133768286218260000,,29.642857,1.3549108E-6,19.3,2,0,,,,,,
2024-11-23 09:43:44.216,133768286242160000,,,,,0,0,27873,1.16E-6,-16.2,,,
2024-11-23 09:43:54.826,133768286348260000,,30.214285,1.2421875E-6,19.3,1,0,,,,,,
2024-11-23 09:43:56.826,133768286368260000,,26.583334,1.0836046E-6,18.1,1,0,,,,,,
2024-11-23 09:44:06.326,133768286463260000,Dose rate alarm 2,,1.2998148E-6,15.0,2,0,,,,,,
2024-11-23 09:44:07.826,133768286478260000,Dose rate alarm 2,,1.3345557E-6,15.0,2,0,,,,,,
2024-11-23 09:44:28.326,133768286683260000,Count rate alarm 2,78.0,,,2,0,,,,,,
2024-11-23 09:44:28.326,133768286683260000,Dose rate alarm 2,,5.334961E-6,76.6,2,0,,,,,,
2024-11-23 09:44:30.826,133768286708260000,,27.833334,1.2122803E-6,18.1,1,0,,,,,,
2024-11-23 09:44:32.826,133768286728260000,,37.375,1.772461E-6,32.6,2,0,,,,,,
2024-11-23 09:44:35.826,133768286758260000,,37.0,1.7359619E-6,32.6,2,0,,,,,,
2024-11-23 09:44:35.826,133768286758260000,Dose rate alarm 2,,1.524292E-6,34.9,2,0,,,,,,
2024-11-23 09:44:39.946,133768286799460000,,28.331797,1.1859295E-6,10.1,1,0,,,,,,
2024-11-23 09:44:40.826,133768286808260000,,28.36,1.161831E-6,10.5,1,0,,,,,,
2024-11-23 09:44:44.216,133768286842160000,,,,,0,0,27933,1.1799999E-6,-16.5,,,
2024-11-23 09:45:25.326,133768287253260000,Dose rate alarm 2,,2.3020832E-6,67.6,2,0,,,,,,
2024-11-23 09:45:29.826,133768287298260000,,27.81,1.2685304E-6,10.5,2,0,,,,,,
2024-11-23 09:45:44.216,133768287442160000,,,,,0,0,27993,1.1999999E-6,-16.8,,,
2024-11-23 09:45:48.826,133768287488260000,Dose rate alarm 2,,1.3437304E-6,20.5,2,0,,,,,,
2024-11-23 09:46:06.326,133768287663260000,Dose rate alarm 2,,1.3141773E-6,15.9,2,0,,,,,,
2024-11-23 09:46:22.696,133768287826960000,,26.718447,1.3730705E-6,10.3,2,0,,,,,,
2024-11-23 09:46:26.946,133768287869460000,,27.24424,1.3350509E-6,10.1,2,0,,,,,,
2024-11-23 09:46:44.216,133768288042160000,,,,,0,0,28053,1.22E-6,-17.0,,,
2024-11-23 09:46:52.326,133768288123260000,,24.331606,1.0828409E-6,11.5,1,0,,,,,,
2024-11-23 09:47:16.576,133768288365760000,,24.331606,1.0828409E-6,11.5,1,0,,,,,,
2024-11-23 09:47:28.826,133768288488260000,Count rate alarm 2,77.0,,,2,0,,,,,,
2024-11-23 09:47:28.826,133768288488260000,Dose rate alarm 2,,3.3081055E-6,64.3,2,0,,,,,,
2024-11-23 09:47:40.826,133768288608260000,Count rate alarm 1,22.0,,,1,0,,,,,,
2024-11-23 09:48:05.196,133768288851960000,,23.061855,9.788781E-7,11.5,1,0,,,,,,
2024-11-23 09:48:05.446,133768288854460000,,53.333332,3.9127603E-6,55.2,2,0,,,,,,
2024-11-23 09:48:06.076,133768288860760000,,44.0,3.29069E-6,55.2,2,0,,,,,,
2024-11-23 09:48:07.196,133768288871960000,,26.25,1.1287304E-6,11.0,1,0,,,,,,
2024-11-23 09:48:47.326,133768289273260000,Count rate alarm 2,118.0,,,2,0,,,,,,
2024-11-23 09:48:47.326,133768289273260000,Dose rate alarm 2,,4.227539E-6,75.1,2,0,,,,,,
2024-11-23 09:48:56.826,133768289368260000,,25.16,1.1313037E-6,11.0,1,0,,,,,,
2024-11-23 09:49:54.826,133768289948260000,,23.875,1.1062011E-6,28.3,1,0,,,,,,
2024-11-23 09:50:01.826,133768290018260000,,20.8125,9.71405E-7,28.3,1,0,,,,,,
2024-11-23 09:50:03.826,133768290038260000,,34.0,1.6504516E-6,31.9,2,0,,,,,,
2024-11-23 09:50:06.826,133768290068260000,,34.25,1.7837524E-6,31.9,2,0,,,,,,
2024-11-23 09:50:11.826,133768290118260000,,20.375,9.013367E-7,29.4,1,0,,,,,,
2024-11-23 09:50:26.326,133768290263260000,,24.9375,1.1470032E-6,29.4,1,0,,,,,,
2024-11-23 09:50:27.326,133768290273260000,,32.0,1.8510742E-6,58.4,2,0,,,,,,
2024-11-23 09:50:27.826,133768290278260000,,33.5,1.9870606E-6,58.4,2,0,,,,,,
2024-11-23 09:50:29.326,133768290293260000,,17.5,9.548339E-7,68.0,1,0,,,,,,
2024-11-23 09:50:30.826,133768290308260000,,17.25,7.6098627E-7,68.0,1,0,,,,,,
2024-11-23 09:50:34.826,133768290348260000,,38.0,2.0341797E-6,42.5,2,0,,,,,,
2024-11-23 09:50:37.326,133768290373260000,Dose rate alarm 2,,2.0341797E-6,42.5,2,0,,,,,,
2024-11-23 09:50:37.826,133768290378260000,,21.25,9.02832E-7,36.6,1,0,,,,,,
2024-11-23 09:50:40.826,133768290408260000,,25.25,1.2965088E-6,36.6,1,0,,,,,,
2024-11-23 09:50:41.326,133768290413260000,Dose rate alarm 2,,1.5169068E-6,34.0,2,0,,,,,,
2024-11-23 09:50:43.826,133768290438260000,Dose rate alarm 2,,1.4299201E-6,30.6,2,0,,,,,,
2024-11-23 09:50:44.216,133768290442160000,,,,,0,0,28293,1.3E-6,-16.6,,,
2024-11-23 09:50:52.826,133768290528260000,,18.875,7.9421994E-7,33.0,1,0,,,,,,
2024-11-23 09:50:59.826,133768290598260000,,19.625,4.272766E-7,33.0,0,0,,,,,,
2024-11-23 09:51:01.826,133768290618260000,,27.75,2.0645753E-6,42.3,2,0,,,,,,
2024-11-23 09:51:02.826,133768290628260000,,28.0,2.096924E-6,42.3,2,0,,,,,,
2024-11-23 09:51:05.826,133768290658260000,,16.5,4.6919757E-7,34.5,0,0,,,,,,
2024-11-23 09:51:16.706,133768290767060000,,31.416666,1.6993002E-6,34.5,2,0,,,,,,
2024-11-23 09:51:16.946,133768290769460000,,37.333332,1.8463542E-6,74.7,1,0,,,,,,
2024-11-23 09:51:17.576,133768290775760000,,35.333332,1.8815103E-6,74.7,1,0,,,,,,
2024-11-23 09:51:18.696,133768290786960000,,22.207254,1.0799263E-6,11.2,1,0,,,,,,
2024-11-23 09:51:20.326,133768290803260000,Dose rate alarm 2,,1.4605102E-6,35.5,2,0,,,,,,
2024-11-23 09:51:44.216,133768291042160000,,,,,0,0,28353,1.32E-6,-16.2,,,
2024-11-23 09:52:06.576,133768291265760000,,22.943005,1.1523184E-6,11.2,1,0,,,,,,
2024-11-23 09:52:12.326,133768291323260000,Dose rate alarm 2,,3.3076171E-6,65.9,2,0,,,,,,
2024-11-23 09:52:14.826,133768291348260000,Dose rate alarm 2,,1.6788504E-6,48.6,2,0,,,,,,
2024-11-23 09:52:24.326,133768291443260000,Dose rate alarm 2,,1.3950195E-6,27.7,2,0,,,,,,
2024-11-23 09:52:44.216,133768291642160000,,,,,0,0,28413,1.34E-6,-15.8,,,
2024-11-23 09:53:43.326,133768292233260000,,21.56701,9.818983E-7,12.2,1,0,,,,,,
2024-11-23 09:53:44.216,133768292242160000,,,,,0,0,28473,1.36E-6,-15.2,,,
2024-11-23 09:53:58.326,133768292383260000,Count rate alarm 1,20.358974,,,1,0,,,,,,
2024-11-23 09:54:02.326,133768292423260000,Count rate alarm 1,20.085106,,,1,0,,,,,,
2024-11-23 09:54:33.826,133768292738260000,,14.5,9.893799E-7,59.4,1,0,,,,,,
2024-11-23 09:54:36.826,133768292768260000,,22.836735,1.0109565E-6,11.7,1,0,,,,,,
2024-11-23 09:54:44.216,133768292842160000,,,,,0,0,28533,1.3800001E-6,-14.6,,,
2024-11-23 09:55:24.826,133768293248260000,,21.040817,1.0557936E-6,11.7,1,0,,,,,,
2024-11-23 09:55:43.326,133768293433260000,Count rate alarm 1,22.363636,,,1,0,,,,,,
2024-11-23 09:55:44.216,133768293442160000,,,,,0,0,28593,1.39E-6,-13.8,,,
2024-11-23 09:56:14.326,133768293743260000,,22.8,1.4087402E-6,27.1,2,0,,,,,,
2024-11-23 09:56:15.826,133768293758260000,Count rate alarm 1,20.026316,,,1,0,,,,,,
2024-11-23 09:56:21.826,133768293818260000,,19.8125,1.0801392E-6,28.7,1,0,,,,,,
2024-11-23 09:56:29.326,133768293893260000,,16.6875,7.0373534E-7,28.7,1,0,,,,,,
2024-11-23 09:56:33.326,133768293933260000,,14.2,5.0891117E-7,27.1,1,0,,,,,,
2024-11-23 09:56:34.326,133768293943260000,,29.5,2.5344239E-6,62.1,2,0,,,,,,
2024-11-23 09:56:34.826,133768293948260000,,28.5,1.9816894E-6,62.1,2,0,,,,,,
2024-11-23 09:56:36.326,133768293963260000,,12.25,1.4074708E-7,97.2,0,0,,,,,,
2024-11-23 09:56:37.826,133768293978260000,,14.5,3.5058594E-7,97.2,0,0,,,,,,
2024-11-23 09:56:44.216,133768294042160000,,,,,0,0,28653,1.41E-6,-13.0,,,
2024-11-23 09:57:17.826,133768294378260000,Count rate alarm 1,28.75,,,1,0,,,,,,
2024-11-23 09:57:27.826,133768294478260000,,20.0,1.0250499E-6,12.0,1,0,,,,,,
2024-11-23 09:57:44.216,133768294642160000,,,,,0,0,28713,1.43E-6,-12.1,,,
2024-11-23 09:58:39.826,133768295198260000,,17.453125,7.9948427E-7,9.1,1,0,,,,,,
2024-11-23 09:58:44.216,133768295242160000,,,,,0,0,28773,1.45E-6,-11.2,,,
2024-11-23 09:59:44.216,133768295842160000,,,,,0,0,28833,1.46E-6,-10.3,,,
2024-11-23 09:59:51.826,133768295918260000,,18.026041,8.8812504E-7,9.1,1,0,,,,,,
2024-11-23 10:00:44.216,133768296442160000,,,,,0,0,28893,1.47E-6,-9.3,,,
2024-11-23 10:01:44.216,133768297042160000,,,,,0,0,28953,1.49E-6,-8.3,,,
2024-11-23 10:02:15.826,133768297358260000,,16.770834,8.700816E-7,13.1,1,0,,,,,,
2024-11-23 10:02:44.216,133768297642160000,,,,,0,0,29013,1.51E-6,-7.4,,,
2024-11-23 10:03:44.216,133768298242160000,,,,,0,0,29073,1.52E-6,-6.4,,,
2024-11-23 10:03:48.326,133768298283260000,Count rate alarm 2,118.0,,,1,0,,,,,,
2024-11-23 10:03:55.076,133768298350760000,,16.57561,7.823266E-7,13.2,1,0,,,,,,
2024-11-23 10:04:44.216,133768298842160000,,,,,0,0,29133,1.53E-6,-5.4,,,
2024-11-23 10:04:53.826,133768298938260000,Count rate alarm 2,122.0,,,2,0,,,,,,
2024-11-23 10:04:53.826,133768298938260000,Dose rate alarm 2,,3.949219E-6,78.5,2,0,,,,,,
2024-11-23 10:05:36.576,133768299365760000,,16.945274,9.225358E-7,12.4,1,0,,,,,,
2024-11-23 10:05:44.216,133768299442160000,,,,,0,0,29193,1.55E-6,-4.3,,,
2024-11-23 10:06:44.216,133768300042160000,,,,,0,0,29253,1.56E-6,-3.3,,,
2024-11-23 10:07:14.826,133768300348260000,,16.625,8.290253E-7,13.4,1,0,,,,,,
2024-11-23 10:07:44.216,133768300642160000,,,,,0,0,29313,1.58E-6,-2.3,,,
2024-11-23 10:08:44.216,133768301242160000,,,,,0,0,29373,1.59E-6,-1.4,,,
2024-11-23 10:08:58.826,133768301388260000,,18.776785,9.468994E-7,11.5,1,0,,,,,,
2024-11-23 10:09:44.216,133768301842160000,,,,,0,0,29433,1.61E-6,-1.0,,,
2024-11-23 10:10:02.826,133768302028260000,,20.5625,1.1972046E-6,27.2,1,0,,,,,,
2024-11-23 10:10:06.826,133768302068260000,,20.5625,1.1940308E-6,27.2,1,0,,,,,,
2024-11-23 10:10:14.826,133768302148260000,,26.11111,1.5267741E-6,23.0,2,0,,,,,,
2024-11-23 10:10:15.326,133768302153260000,Count rate alarm 1,20.1,,,1,0,,,,,,
2024-11-23 10:10:28.576,133768302285760000,,25.833334,1.4709473E-6,23.0,2,0,,,,,,
2024-11-23 10:10:29.076,133768302290760000,,24.727272,1.2655264E-6,10.1,2,0,,,,,,
2024-11-23 10:10:29.826,133768302298260000,Dose rate alarm 2,,1.3155606E-6,15.0,2,0,,,,,,
2024-11-23 10:10:44.216,133768302442160000,,,,,0,0,29493,1.63E-6,-1.0,,,
2024-11-23 10:11:18.326,133768302783260000,,27.595959,1.3835079E-6,10.1,2,0,,,,,,
2024-11-23 10:11:24.826,133768302848260000,Dose rate alarm 2,,1.3115013E-6,15.5,2,0,,,,,,
2024-11-23 10:11:30.826,133768302908260000,Dose rate alarm 2,,1.3013774E-6,15.0,2,0,,,,,,
2024-11-23 10:11:44.216,133768303042160000,,,,,0,0,29553,1.6500001E-6,-1.5,,,
2024-11-23 10:12:23.826,133768303438260000,,27.375,1.3427888E-6,18.0,2,0,,,,,,
2024-11-23 10:12:37.826,133768303578260000,,28.25,1.4600067E-6,18.0,2,0,,,,,,
2024-11-23 10:12:41.826,133768303618260000,,31.401785,1.5232936E-6,9.0,2,0,,,,,,
2024-11-23 10:12:44.216,133768303642160000,,,,,0,0,29613,1.6700001E-6,-2.7,,,
2024-11-23 10:13:35.826,133768304158260000,,32.17857,1.5247758E-6,9.0,2,0,,,,,,
2024-11-23 10:13:44.216,133768304242160000,,,,,0,0,29673,1.7E-6,-4.4,,,
2024-11-23 10:13:50.326,133768304303260000,Dose rate alarm 2,,1.3179183E-6,15.1,2,0,,,,,,
2024-11-23 10:14:44.216,133768304842160000,,,,,0,0,29733,1.72E-6,-6.6,,,
2024-11-23 10:15:19.826,133768305198260000,,31.25,1.3990428E-6,10.1,2,0,,,,,,
2024-11-23 10:15:44.216,133768305442160000,,,,,0,0,29793,1.7499999E-6,-9.2,,,
2024-11-23 10:16:15.326,133768305753260000,,28.0,1.2461263E-6,26.7,1,0,,,,,,
2024-11-23 10:16:22.326,133768305823260000,,24.4,1.1294596E-6,26.7,1,0,,,,,,
2024-11-23 10:16:23.326,133768305833260000,,49.0,2.0141601E-6,53.9,2,0,,,,,,
2024-11-23 10:16:23.826,133768305838260000,,48.0,2.138916E-6,53.9,2,0,,,,,,
2024-11-23 10:16:24.826,133768305848260000,Count rate alarm 2,98.0,,,2,0,,,,,,
2024-11-23 10:16:25.326,133768305853260000,,31.38889,1.2857802E-6,27.7,1,0,,,,,,
2024-11-23 10:16:26.326,133768305863260000,Dose rate alarm 2,,1.7590332E-6,59.7,2,0,,,,,,
2024-11-23 10:16:27.826,133768305878260000,Dose rate alarm 2,,1.7127511E-6,47.8,2,0,,,,,,
2024-11-23 10:16:42.326,133768306023260000,,26.11111,6.736925E-7,27.7,1,0,,,,,,
2024-11-23 10:16:43.326,133768306033260000,,40.0,1.5229492E-6,68.1,1,0,,,,,,
2024-11-23 10:16:43.826,133768306038260000,,41.5,1.6591797E-6,68.1,1,0,,,,,,
2024-11-23 10:16:44.216,133768306042160000,,,,,0,0,29853,1.7699999E-6,-12.0,,,
2024-11-23 10:16:45.326,133768306053260000,,28.441177,1.0980489E-6,11.1,1,0,,,,,,
2024-11-23 10:16:54.826,133768306148260000,Dose rate alarm 2,,2.022705E-6,57.4,2,0,,,,,,
2024-11-23 10:17:35.826,133768306558260000,,26.490196,1.0593405E-6,11.1,1,0,,,,,,
2024-11-23 10:17:44.216,133768306642160000,,,,,0,0,29913,1.7899999E-6,-14.7,,,
2024-11-23 10:18:44.216,133768307242160000,,,,,0,0,29973,1.81E-6,-17.4,,,
2024-11-23 10:19:14.826,133768307548260000,,20.75,8.3428955E-7,13.0,1,0,,,,,,
2024-11-23 10:19:44.216,133768307842160000,,,,,0,0,30033,1.8200001E-6,-19.9,,,
2024-11-23 10:19:46.446,133768307864460000,The temperature is too low,,,,1,0,,,-20.0,,,
2024-11-23 10:19:56.826,133768307968260000,Count rate alarm 1,20.0,,,1,0,,,,,,
2024-11-23 10:19:58.826,133768307988260000,Count rate alarm 1,20.0,,,1,0,,,,,,
2024-11-23 10:20:44.216,133768308442160000,,,,,0,0,30093,1.83E-6,-22.2,,,
2024-11-23 10:20:51.326,133768308513260000,,17.28866,6.79315E-7,14.3,1,0,,,,,,
2024-11-23 10:21:44.216,133768309042160000,,,,,0,0,30153,1.8400001E-6,-24.0,,,
2024-11-23 10:22:27.826,133768309478260000,,14.8125,6.277873E-7,15.2,1,0,,,,,,
2024-11-23 10:22:44.216,133768309642160000,,,,,0,0,30213,1.86E-6,-25.4,,,
2024-11-23 10:23:44.216,133768310242160000,,,,,0,0,30273,1.87E-6,-26.3,,,
2024-11-23 10:24:03.826,133768310438260000,,9.770833,4.0475464E-7,19.0,0,0,,,,,,
2024-11-23 10:24:44.216,133768310842160000,,,,,0,0,30333,1.87E-6,-26.7,,,
2024-11-23 10:25:39.826,133768311398260000,,6.15625,2.3895262E-7,24.5,0,0,,,,,,
2024-11-23 10:26:44.216,133768312042160000,,,,,0,0,30453,1.89E-6,-26.2,,,
2024-11-23 10:27:15.826,133768312358260000,,4.875,2.1891276E-7,25.9,0,0,,,,,,
2024-11-23 10:27:44.216,133768312642160000,,,,,0,0,30513,1.89E-6,-25.3,,,
2024-11-23 10:28:11.826,133768312918260000,,4.5,2.7560426E-7,57.2,0,0,,,,,,
2024-11-23 10:28:15.826,133768312958260000,,4.4375,2.6504517E-7,57.2,0,0,,,,,,
2024-11-23 10:28:23.826,133768313038260000,,2.5625,8.3831786E-8,99.0,0,0,,,,,,
2024-11-23 10:28:27.826,133768313078260000,,2.5,8.377076E-8,99.0,0,0,,,,,,
2024-11-23 10:28:39.826,133768313198260000,,4.84375,2.7949523E-7,46.1,0,0,,,,,,
2024-11-23 10:28:44.216,133768313242160000,,,,,0,0,30573,1.9E-6,-24.0,,,
2024-11-23 10:29:03.826,133768313438260000,,2.96875,1.2527465E-7,46.1,0,0,,,,,,
2024-11-23 10:29:11.826,133768313518260000,,2.517857,1.2010847E-7,36.7,0,0,,,,,,
2024-11-23 10:29:44.216,133768313842160000,,,,,0,0,30633,1.9E-6,-22.5,,,
2024-11-23 10:30:03.826,133768314038260000,,2.0357144,8.912877E-8,36.7,0,0,,,,,,
2024-11-23 10:30:44.216,133768314442160000,,,,,0,0,30693,1.9E-6,-20.6,,,
2024-11-23 10:31:44.216,133768315042160000,,,,,0,0,30753,1.9E-6,-18.5,,,
2024-11-23 10:31:47.826,133768315078260000,,1.6770834,8.4187825E-8,41.5,0,0,,,,,,
2024-11-23 10:32:44.216,133768315642160000,,,,,0,0,30813,1.9E-6,-16.3,,,
2024-11-23 10:33:23.826,133768316038260000,,0.8958333,3.7587483E-8,59.9,0,0,,,,,,
2024-11-23 10:33:44.216,133768316242160000,,,,,0,0,30873,1.9E-6,-14.0,,,
2024-11-23 10:34:44.216,133768316842160000,,,,,0,0,30933,1.91E-6,-11.5,,,
2024-11-23 10:34:59.826,133768316998260000,,0.8541667,3.314209E-8,66.1,0,0,,,,,,
2024-11-23 10:35:44.216,133768317442160000,,,,,0,0,30993,1.91E-6,-9.2,,,
2024-11-23 10:36:35.826,133768317958260000,,1.3333334,4.5018513E-8,55.5,0,0,,,,,,
2024-11-23 10:36:44.216,133768318042160000,,,,,0,0,31053,1.91E-6,-6.8,,,
2024-11-23 10:37:39.826,133768318598260000,,2.6875,5.4870608E-8,80.6,0,0,,,,,,
2024-11-23 10:37:44.216,133768318642160000,,,,,0,0,31113,1.91E-6,-4.4,,,
2024-11-23 10:38:03.826,133768318838260000,,4.375,2.911377E-8,59.5,0,0,,,,,,
2024-11-23 10:38:15.826,133768318958260000,,8.513889,1.0044013E-7,19.6,0,0,,,,,,
2024-11-23 10:38:44.216,133768319242160000,,,,,0,0,31173,1.91E-6,-2.0,,,
2024-11-23 10:39:23.826,133768319638260000,,9.430555,1.18699816E-7,19.6,0,0,,,,,,
2024-11-23 10:39:44.216,133768319842160000,,,,,0,0,31233,1.91E-6,0.2,,,
2024-11-23 10:40:44.216,133768320442160000,,,,,0,0,31293,1.91E-6,2.1,,,
2024-11-23 10:41:23.826,133768320838260000,,9.9375,1.2414043E-7,23.2,0,0,,,,,,
2024-11-23 10:41:44.216,133768321042160000,,,,,0,0,31353,1.9200002E-6,3.7,,,
2024-11-23 10:42:44.216,133768321642160000,,,,,0,0,31413,1.9200002E-6,5.0,,,
2024-11-23 10:42:59.826,133768321798260000,,10.333333,1.3210042E-7,21.5,0,0,,,,,,
2024-11-23 10:43:44.216,133768322242160000,,,,,0,0,31473,1.9200002E-6,6.2,,,
2024-11-23 10:44:35.826,133768322758260000,,9.479167,1.1956278E-7,23.9,0,0,,,,,,
2024-11-23 10:44:44.216,133768322842160000,,,,,0,0,31533,1.9200002E-6,7.3,,,
2024-11-23 10:45:44.216,133768323442160000,,,,,0,0,31593,1.9200002E-6,8.4,,,
2024-11-23 10:46:11.826,133768323718260000,,9.364583,1.2302145E-7,23.5,0,0,,,,,,
2024-11-23 10:46:44.216,133768324042160000,,,,,0,0,31653,1.93E-6,9.4,,,
2024-11-23 10:47:44.216,133768324642160000,,,,,0,0,31713,1.93E-6,10.4,,,
2024-11-23 10:47:47.826,133768324678260000,,9.479167,1.11719764E-7,22.7,0,0,,,,,,
2024-11-23 10:48:44.216,133768325242160000,,,,,0,0,31773,1.93E-6,11.3,,,
2024-11-23 10:49:23.826,133768325638260000,,9.65625,1.1685181E-7,24.2,0,0,,,,,,
2024-11-23 10:49:44.216,133768325842160000,,,,,0,0,31833,1.93E-6,12.3,,,
2024-11-23 10:50:44.216,133768326442160000,,,,,0,0,31893,1.93E-6,13.2,,,
2024-11-23 10:50:59.826,133768326598260000,,9.354167,1.372172E-7,23.8,0,0,,,,,,
2024-11-23 10:51:44.216,133768327042160000,,,,,0,0,31953,1.94E-6,14.1,,,
2024-11-23 10:52:35.826,133768327558260000,,9.5625,1.2674967E-7,22.9,0,0,,,,,,
2024-11-23 10:52:44.216,133768327642160000,,,,,0,0,32013,1.94E-6,15.0,,,
2024-11-23 10:53:44.216,133768328242160000,,,,,0,0,32073,1.94E-6,15.8,,,
2024-11-23 10:54:11.826,133768328518260000,,9.604167,1.1834208E-7,25.7,0,0,,,,,,
2024-11-23 10:54:44.216,133768328842160000,,,,,0,0,32133,1.94E-6,16.7,,,
2024-11-23 10:55:44.216,133768329442160000,,,,,0,0,32193,1.94E-6,17.5,,,
2024-11-23 10:55:47.826,133768329478260000,,9.75,1.3530477E-7,23.3,0,0,,,,,,
2024-11-23 10:56:44.216,133768330042160000,,,,,0,0,32253,1.95E-6,18.3,,,
2024-11-23 10:57:23.826,133768330438260000,,10.125,1.2653096E-7,23.2,0,0,,,,,,
2024-11-23 10:57:44.216,133768330642160000,,,,,0,0,32313,1.95E-6,19.0,,,
2024-11-23 10:58:44.216,133768331242160000,,,,,0,0,32373,1.95E-6,19.8,,,
2024-11-23 10:58:59.826,133768331398260000,,9.739583,1.31368E-7,22.4,0,0,,,,,,
2024-11-23 10:59:44.216,133768331842160000,,,,,0,0,32433,1.95E-6,20.5,,,
2024-11-23 11:00:35.826,133768332358260000,,10.239583,1.3807679E-7,21.0,0,0,,,,,,
2024-11-23 11:00:44.216,133768332442160000,,,,,0,0,32493,1.95E-6,21.2,,,
2024-11-23 11:01:44.216,133768333042160000,,,,,0,0,32553,1.96E-6,21.8,,,
2024-11-23 11:02:11.826,133768333318260000,,9.947917,1.1635335E-7,23.2,0,0,,,,,,
2024-11-23 11:02:44.216,133768333642160000,,,,,0,0,32613,1.96E-6,22.5,,,
2024-11-23 11:03:44.216,133768334242160000,,,,,0,0,32673,1.96E-6,23.1,,,
2024-11-23 11:03:47.826,133768334278260000,,9.708333,1.29481E-7,23.5,0,0,,,,,,
2024-11-23 11:04:44.216,133768334842160000,,,,,0,0,32733,1.96E-6,23.7,,,
2024-11-23 11:05:23.826,133768335238260000,,9.666667,1.4271036E-7,22.7,0,0,,,,,,
2024-11-23 11:05:44.216,133768335442160000,,,,,0,0,32793,1.97E-6,24.2,,,
2024-11-23 11:06:44.216,133768336042160000,,,,,0,0,32853,1.97E-6,24.8,,,
2024-11-23 11:06:59.826,133768336198260000,,10.302083,1.5549723E-7,23.2,0,0,,,,,,
2024-11-23 11:07:44.216,133768336642160000,,,,,0,0,32913,1.97E-6,25.3,,,
2024-11-23 11:08:35.826,133768337158260000,,10.5,1.151886E-7,20.7,0,0,,,,,,
2024-11-23 11:08:44.216,133768337242160000,,,,,0,0,32973,1.97E-6,25.8,,,
2024-11-23 11:09:44.216,133768337842160000,,,,,0,0,33033,1.97E-6,26.3,,,
2024-11-23 11:10:11.826,133768338118260000,,9.1875,9.77122E-8,23.9,0,0,,,,,,
2024-11-23 11:10:44.216,133768338442160000,,,,,0,0,33093,1.98E-6,26.8,,,
2024-11-23 11:11:44.216,133768339042160000,,,,,0,0,33153,1.98E-6,27.1,,,
2024-11-23 11:11:47.826,133768339078260000,,10.15625,1.6931152E-7,22.3,0,0,,,,,,
2024-11-23 11:12:44.216,133768339642160000,,,,,0,0,33213,1.98E-6,27.5,,,
2024-11-23 11:13:23.826,133768340038260000,,9.489583,1.3080343E-7,24.0,0,0,,,,,,
2024-11-23 11:13:44.216,133768340242160000,,,,,0,0,33273,1.98E-6,27.9,,,
2024-11-23 11:14:44.216,133768340842160000,,,,,0,0,33333,1.99E-6,28.3,,,
2024-11-23 11:14:59.826,133768340998260000,,9.854167,1.2192281E-7,23.1,0,0,,,,,,
2024-11-23 11:15:44.216,133768341442160000,,,,,0,0,33393,1.99E-6,28.6,,,
2024-11-23 11:16:35.826,133768341958260000,,10.416667,1.4378865E-7,20.6,0,0,,,,,,
2024-11-23 11:16:44.216,133768342042160000,,,,,0,0,33453,1.99E-6,29.0,,,
2024-11-23 11:17:44.216,133768342642160000,,,,,0,0,33513,1.99E-6,29.3,,,
2024-11-23 11:18:11.826,133768342918260000,,9.864583,1.1450704E-7,21.8,0,0,,,,,,
2024-11-23 11:18:44.216,133768343242160000,,,,,0,0,33573,1.99E-6,29.6,,,
2024-11-23 11:19:44.216,133768343842160000,,,,,0,0,33633,2.0E-6,29.9,,,
2024-11-23 11:19:47.826,133768343878260000,,9.75,1.4611817E-7,23.2,0,0,,,,,,
2024-11-23 11:20:44.216,133768344442160000,,,,,0,0,33693,2.0E-6,30.2,,,
2024-11-23 11:21:23.826,133768344838260000,,9.75,1.15646365E-7,22.6,0,0,,,,,,
2024-11-23 11:21:44.216,133768345042160000,,,,,0,0,33753,2.0E-6,30.4,,,
2024-11-23 11:22:44.216,133768345642160000,,,,,0,0,33813,2.0E-6,30.7,,,
2024-11-23 11:22:59.826,133768345798260000,,9.572917,1.277415E-7,23.7,0,0,,,,,,
2024-11-23 11:23:44.216,133768346242160000,,,,,0,0,33873,2.0100001E-6,30.9,,,
2024-11-23 11:24:35.826,133768346758260000,,9.708333,1.3668314E-7,21.8,0,0,,,,,,
2024-11-23 11:24:44.216,133768346842160000,,,,,0,0,33933,2.0100001E-6,31.2,,,
2024-11-23 11:25:44.216,133768347442160000,,,,,0,0,33993,2.0100001E-6,31.5,,,
2024-11-23 11:26:11.826,133768347718260000,,9.96875,1.3089497E-7,23.9,0,0,,,,,,
2024-11-23 11:26:44.216,133768348042160000,,,,,0,0,34053,2.0100001E-6,31.7,,,
2024-11-23 11:27:44.216,133768348642160000,,,,,0,0,34113,2.0100001E-6,32.0,,,
2024-11-23 11:27:47.826,133768348678260000,,9.3125,1.1190796E-7,23.1,0,0,,,,,,
2024-11-23 11:28:44.216,133768349242160000,,,,,0,0,34173,2.02E-6,32.2,,,
2024-11-23 11:29:23.826,133768349638260000,,10.302083,1.4823914E-7,22.7,0,0,,,,,,
2024-11-23 11:29:44.216,133768349842160000,,,,,0,0,34233,2.02E-6,32.4,,,
2024-11-23 11:30:44.216,133768350442160000,,,,,0,0,34293,2.02E-6,32.6,,,
2024-11-23 11:30:59.826,133768350598260000,,9.364583,1.2888081E-7,20.9,0,0,,,,,,
2024-11-23 11:31:44.216,133768351042160000,,,,,0,0,34353,2.02E-6,32.8,,,
2024-11-23 11:32:35.826,133768351558260000,,9.75,1.0922749E-7,25.3,0,0,,,,,,
2024-11-23 11:32:44.216,133768351642160000,,,,,0,0,34413,2.02E-6,33.0,,,
2024-11-23 11:33:44.216,133768352242160000,,,,,0,0,34473,2.0300001E-6,33.1,,,
2024-11-23 11:33:55.826,133768352358260000,,9.796875,1.3819886E-7,27.7,0,0,,,,,,
2024-11-23 11:34:25.826,133768352658260000,,9.828125,1.3480377E-7,27.7,0,0,,,,,,
2024-11-23 11:34:29.826,133768352698260000,,12.875,1.6549683E-7,52.0,0,0,,,,,,
2024-11-23 11:34:35.826,133768352758260000,,13.625,1.4395143E-7,52.0,0,0,,,,,,
2024-11-23 11:34:55.826,133768352958260000,,17.791666,1.3527425E-7,28.1,0,0,,,,,,
2024-11-23 11:35:06.826,133768353068260000,,19.0,1.6247559E-7,28.1,0,0,,,,,,
2024-11-23 11:35:08.826,133768353088260000,,8.875,1.4036291E-7,22.2,0,0,,,,,,
2024-11-23 11:35:44.216,133768353442160000,,,,,0,0,34593,2.0300001E-6,33.3,,,
2024-11-23 11:36:15.826,133768353758260000,,8.411765,1.0609347E-7,22.2,0,0,,,,,,
2024-11-23 11:38:11.826,133768354918260000,,6.9166665,9.484863E-8,27.4,0,0,,,,,,
2024-11-23 11:38:44.216,133768355242160000,,,,,0,0,34773,2.04E-6,33.4,,,
2024-11-23 11:39:48.815,133768355888150000,,6.4791665,9.3831375E-8,26.8,0,0,,,,,,
