﻿Designator,Footprint,Quantity,Value,LCSC Part #
"I2C3, I2C4, I2C5, I2C6",JST_XH_B4B-XH-A_1x04_P2.50mm_Vertical,4,Conn_01x04,
"I2C7, J10",PinSocket_1x04_P2.54mm_Vertical,2,Conn_01x04,
"J1, J2, J7",PinSocket_1x06_P2.54mm_Vertical,3,Conn_01x06,
"J11, J5",PinSocket_1x09_P2.54mm_Vertical,2,Conn_01x09,
J12,PC104 Headers,1,PC/104,
"J13, J4",PinSocket_1x07_P2.54mm_Vertical,2,Conn_01x07,
J3,PinSocket_1x08_P2.54mm_Vertical,1,Conn_01x08,
"J6, J8, J9",PinSocket_1x05_P2.54mm_Vertical,3,Conn_01x05,
SPI0_1,JST_XH_B6B-XH-A_1x06_P2.50mm_Vertical,1,Conn_01x04,
SPI0_2,JST_XH_B8B-XH-A_1x08_P2.50mm_Vertical,1,Conn_01x04,
TP1,TestPoint_Loop_D1.80mm_Drill1.0mm_Beaded,1,SDA,
TP2,TestPoint_Loop_D1.80mm_Drill1.0mm_Beaded,1,SCL,
